email,name,address
Suman.Murray@gmail.com,Suman Murray,"360 Somerset St, New Brunswick, NJ 08901"
Mitchel.Schofield@gmail.com,Mitchel Schofield,"15 Wilcox Rd, New Brunswick, NJ 08901"
Anja.Espinoza@gmail.com,Anja Espinoza,"10 Voorhees Rd, New Brunswick, NJ 08901"
Fox.Trujillo@gmail.com,Fox Trujillo,"57 Pennington Rd, New Brunswick, NJ 08901"
Jobe.Abbott@gmail.com,Jobe Abbott,"17 Goodale Cir, New Brunswick, NJ 08901"
Shaan.Monroe@gmail.com,Shaan Monroe,"80 Phelps Ave, New Brunswick, NJ 08901"
Billie-Jo.Mcfarland@gmail.com,Billie-Jo Mcfarland,"6 Cobb Rd, New Brunswick, NJ 08901"
Leyla.Oconnor@gmail.com,Leyla Oconnor,"90 Howard St, New Brunswick, NJ 08901"
Alfie-Jay.Gould@gmail.com,Alfie-Jay Gould,"104 Howard St, New Brunswick, NJ 08901"
Viktor.Clemons@gmail.com,Viktor Clemons,"41 Renaissance Ln, New Brunswick, NJ 08901"
Kailum.Velez@gmail.com,Kailum Velez,"100 Fulton Ct, New Brunswick, NJ 08901"
Nettie.Waters@gmail.com,Nettie Waters,"175 Lawrence St, New Brunswick, NJ 08901"
Myron.Iles@gmail.com,Myron Iles,"14 Wright Pl, New Brunswick, NJ 08901"
Vivian.Pierce@gmail.com,Vivian Pierce,"57 Ray St, New Brunswick, NJ 08901"
Irene.Worthington@gmail.com,Irene Worthington,"43 Jefferson Ave, New Brunswick, NJ 08901"
Timur.Talbot@gmail.com,Timur Talbot,"105 Renaissance Ln, New Brunswick, NJ 08901"
Inara.Kaiser@gmail.com,Inara Kaiser,"35 S Talmadge St, New Brunswick, NJ 08901"
Mae.Galindo@gmail.com,Mae Galindo,"5 Wellington Pl, New Brunswick, NJ 08901"
Ruby-Leigh.Acevedo@gmail.com,Ruby-Leigh Acevedo,"251 Joyce Kilmer Ave, New Brunswick, NJ 08901"
Vivek.Potts@gmail.com,Vivek Potts,"313 Powers St, New Brunswick, NJ 08901"